date,value,series_id,country,indicator,source
2024-12-31,29184890000000.0,US_NY.GDP.MKTP.CD,US,NY.GDP.MKTP.CD,ECONOMIC
2023-12-31,27720709000000.0,US_NY.GDP.MKTP.CD,US,NY.GDP.MKTP.CD,ECONOMIC
2022-12-31,26006893000000.0,US_NY.GDP.MKTP.CD,US,NY.GDP.MKTP.CD,ECONOMIC
2021-12-31,23681171000000.0,US_NY.GDP.MKTP.CD,US,NY.GDP.MKTP.CD,ECONOMIC
2020-12-31,21354105000000.0,US_NY.GDP.MKTP.CD,US,NY.GDP.MKTP.CD,ECONOMIC
2019-12-31,21539982000000.0,US_NY.GDP.MKTP.CD,US,NY.GDP.MKTP.CD,ECONOMIC
2018-12-31,20656516000000.0,US_NY.GDP.MKTP.CD,US,NY.GDP.MKTP.CD,ECONOMIC
2017-12-31,19612102000000.0,US_NY.GDP.MKTP.CD,US,NY.GDP.MKTP.CD,ECONOMIC
2016-12-31,18804913000000.0,US_NY.GDP.MKTP.CD,US,NY.GDP.MKTP.CD,ECONOMIC
2015-12-31,18295019000000.0,US_NY.GDP.MKTP.CD,US,NY.GDP.MKTP.CD,ECONOMIC
2024-12-31,18743803170827.2,CN_NY.GDP.MKTP.CD,CN,NY.GDP.MKTP.CD,ECONOMIC
2023-12-31,18270356654533.2,CN_NY.GDP.MKTP.CD,CN,NY.GDP.MKTP.CD,ECONOMIC
2022-12-31,18316765021690.2,CN_NY.GDP.MKTP.CD,CN,NY.GDP.MKTP.CD,ECONOMIC
2021-12-31,18201698719564.0,CN_NY.GDP.MKTP.CD,CN,NY.GDP.MKTP.CD,ECONOMIC
2020-12-31,14996414166715.1,CN_NY.GDP.MKTP.CD,CN,NY.GDP.MKTP.CD,ECONOMIC
2019-12-31,14560167101283.4,CN_NY.GDP.MKTP.CD,CN,NY.GDP.MKTP.CD,ECONOMIC
2018-12-31,14147765772963.8,CN_NY.GDP.MKTP.CD,CN,NY.GDP.MKTP.CD,ECONOMIC
2017-12-31,12537559062282.9,CN_NY.GDP.MKTP.CD,CN,NY.GDP.MKTP.CD,ECONOMIC
2016-12-31,11456024084962.0,CN_NY.GDP.MKTP.CD,CN,NY.GDP.MKTP.CD,ECONOMIC
2015-12-31,11280814787468.9,CN_NY.GDP.MKTP.CD,CN,NY.GDP.MKTP.CD,ECONOMIC
2024-12-31,4659929336890.62,DE_NY.GDP.MKTP.CD,DE,NY.GDP.MKTP.CD,ECONOMIC
2023-12-31,4525703903627.53,DE_NY.GDP.MKTP.CD,DE,NY.GDP.MKTP.CD,ECONOMIC
2022-12-31,4163596357879.39,DE_NY.GDP.MKTP.CD,DE,NY.GDP.MKTP.CD,ECONOMIC
2021-12-31,4348297440387.53,DE_NY.GDP.MKTP.CD,DE,NY.GDP.MKTP.CD,ECONOMIC
2020-12-31,3940142541354.1,DE_NY.GDP.MKTP.CD,DE,NY.GDP.MKTP.CD,ECONOMIC
2019-12-31,3957208055215.68,DE_NY.GDP.MKTP.CD,DE,NY.GDP.MKTP.CD,ECONOMIC
2018-12-31,4052008447223.53,DE_NY.GDP.MKTP.CD,DE,NY.GDP.MKTP.CD,ECONOMIC
2017-12-31,3763092263752.95,DE_NY.GDP.MKTP.CD,DE,NY.GDP.MKTP.CD,ECONOMIC
2016-12-31,3537784107980.55,DE_NY.GDP.MKTP.CD,DE,NY.GDP.MKTP.CD,ECONOMIC
2015-12-31,3423568450957.03,DE_NY.GDP.MKTP.CD,DE,NY.GDP.MKTP.CD,ECONOMIC
2024-12-31,4026210821146.81,JP_NY.GDP.MKTP.CD,JP,NY.GDP.MKTP.CD,ECONOMIC
2023-12-31,4213167237905.83,JP_NY.GDP.MKTP.CD,JP,NY.GDP.MKTP.CD,ECONOMIC
2022-12-31,4262463317796.53,JP_NY.GDP.MKTP.CD,JP,NY.GDP.MKTP.CD,ECONOMIC
2021-12-31,5039148168861.22,JP_NY.GDP.MKTP.CD,JP,NY.GDP.MKTP.CD,ECONOMIC
2020-12-31,5054068005376.28,JP_NY.GDP.MKTP.CD,JP,NY.GDP.MKTP.CD,ECONOMIC
2019-12-31,5117993853016.51,JP_NY.GDP.MKTP.CD,JP,NY.GDP.MKTP.CD,ECONOMIC
2018-12-31,5040880939324.86,JP_NY.GDP.MKTP.CD,JP,NY.GDP.MKTP.CD,ECONOMIC
2017-12-31,4930837369151.42,JP_NY.GDP.MKTP.CD,JP,NY.GDP.MKTP.CD,ECONOMIC
2016-12-31,5003677627544.24,JP_NY.GDP.MKTP.CD,JP,NY.GDP.MKTP.CD,ECONOMIC
2015-12-31,4444930651964.18,JP_NY.GDP.MKTP.CD,JP,NY.GDP.MKTP.CD,ECONOMIC
2024-12-31,3643834188782.91,GB_NY.GDP.MKTP.CD,GB,NY.GDP.MKTP.CD,ECONOMIC
2023-12-31,3369861888972.88,GB_NY.GDP.MKTP.CD,GB,NY.GDP.MKTP.CD,ECONOMIC
2022-12-31,3114042471144.39,GB_NY.GDP.MKTP.CD,GB,NY.GDP.MKTP.CD,ECONOMIC
2021-12-31,3143323050707.26,GB_NY.GDP.MKTP.CD,GB,NY.GDP.MKTP.CD,ECONOMIC
2020-12-31,2696778386607.65,GB_NY.GDP.MKTP.CD,GB,NY.GDP.MKTP.CD,ECONOMIC
2019-12-31,2851407164907.81,GB_NY.GDP.MKTP.CD,GB,NY.GDP.MKTP.CD,ECONOMIC
2018-12-31,2871340347581.79,GB_NY.GDP.MKTP.CD,GB,NY.GDP.MKTP.CD,ECONOMIC
2017-12-31,2680148052335.3,GB_NY.GDP.MKTP.CD,GB,NY.GDP.MKTP.CD,ECONOMIC
2016-12-31,2689106566899.61,GB_NY.GDP.MKTP.CD,GB,NY.GDP.MKTP.CD,ECONOMIC
2015-12-31,2927911140916.73,GB_NY.GDP.MKTP.CD,GB,NY.GDP.MKTP.CD,ECONOMIC
2024-12-31,3912686168582.21,IN_NY.GDP.MKTP.CD,IN,NY.GDP.MKTP.CD,ECONOMIC
2023-12-31,3638489096033.86,IN_NY.GDP.MKTP.CD,IN,NY.GDP.MKTP.CD,ECONOMIC
2022-12-31,3346107287730.93,IN_NY.GDP.MKTP.CD,IN,NY.GDP.MKTP.CD,ECONOMIC
2021-12-31,3167270623260.47,IN_NY.GDP.MKTP.CD,IN,NY.GDP.MKTP.CD,ECONOMIC
2020-12-31,2674851578587.27,IN_NY.GDP.MKTP.CD,IN,NY.GDP.MKTP.CD,ECONOMIC
2019-12-31,2835606256558.19,IN_NY.GDP.MKTP.CD,IN,NY.GDP.MKTP.CD,ECONOMIC
2018-12-31,2702929641648.74,IN_NY.GDP.MKTP.CD,IN,NY.GDP.MKTP.CD,ECONOMIC
2017-12-31,2651474262755.45,IN_NY.GDP.MKTP.CD,IN,NY.GDP.MKTP.CD,ECONOMIC
2016-12-31,2294796885663.16,IN_NY.GDP.MKTP.CD,IN,NY.GDP.MKTP.CD,ECONOMIC
2015-12-31,2103588360044.94,IN_NY.GDP.MKTP.CD,IN,NY.GDP.MKTP.CD,ECONOMIC
2024-12-31,2.94952520485207,US_FP.CPI.TOTL.ZG,US,FP.CPI.TOTL.ZG,ECONOMIC
2023-12-31,4.11633838374488,US_FP.CPI.TOTL.ZG,US,FP.CPI.TOTL.ZG,ECONOMIC
2022-12-31,8.00279982052121,US_FP.CPI.TOTL.ZG,US,FP.CPI.TOTL.ZG,ECONOMIC
2021-12-31,4.69785886363742,US_FP.CPI.TOTL.ZG,US,FP.CPI.TOTL.ZG,ECONOMIC
2020-12-31,1.23358439630629,US_FP.CPI.TOTL.ZG,US,FP.CPI.TOTL.ZG,ECONOMIC
2019-12-31,1.81221007526021,US_FP.CPI.TOTL.ZG,US,FP.CPI.TOTL.ZG,ECONOMIC
2018-12-31,2.44258329692817,US_FP.CPI.TOTL.ZG,US,FP.CPI.TOTL.ZG,ECONOMIC
2017-12-31,2.13011000365961,US_FP.CPI.TOTL.ZG,US,FP.CPI.TOTL.ZG,ECONOMIC
2016-12-31,1.26158320570536,US_FP.CPI.TOTL.ZG,US,FP.CPI.TOTL.ZG,ECONOMIC
2015-12-31,0.118627135552451,US_FP.CPI.TOTL.ZG,US,FP.CPI.TOTL.ZG,ECONOMIC
2024-12-31,0.218128938439177,CN_FP.CPI.TOTL.ZG,CN,FP.CPI.TOTL.ZG,ECONOMIC
2023-12-31,0.234836828893051,CN_FP.CPI.TOTL.ZG,CN,FP.CPI.TOTL.ZG,ECONOMIC
2022-12-31,1.97357555739051,CN_FP.CPI.TOTL.ZG,CN,FP.CPI.TOTL.ZG,ECONOMIC
2021-12-31,0.981015135544882,CN_FP.CPI.TOTL.ZG,CN,FP.CPI.TOTL.ZG,ECONOMIC
2020-12-31,2.41942189457782,CN_FP.CPI.TOTL.ZG,CN,FP.CPI.TOTL.ZG,ECONOMIC
2019-12-31,2.89923416358227,CN_FP.CPI.TOTL.ZG,CN,FP.CPI.TOTL.ZG,ECONOMIC
2018-12-31,2.07479039965576,CN_FP.CPI.TOTL.ZG,CN,FP.CPI.TOTL.ZG,ECONOMIC
2017-12-31,1.59313600071436,CN_FP.CPI.TOTL.ZG,CN,FP.CPI.TOTL.ZG,ECONOMIC
2016-12-31,2.00000182191943,CN_FP.CPI.TOTL.ZG,CN,FP.CPI.TOTL.ZG,ECONOMIC
2015-12-31,1.43702380935655,CN_FP.CPI.TOTL.ZG,CN,FP.CPI.TOTL.ZG,ECONOMIC
2024-12-31,2.2564981433876,DE_FP.CPI.TOTL.ZG,DE,FP.CPI.TOTL.ZG,ECONOMIC
2023-12-31,5.94643667725823,DE_FP.CPI.TOTL.ZG,DE,FP.CPI.TOTL.ZG,ECONOMIC
2022-12-31,6.87257438551097,DE_FP.CPI.TOTL.ZG,DE,FP.CPI.TOTL.ZG,ECONOMIC
2021-12-31,3.06666666666673,DE_FP.CPI.TOTL.ZG,DE,FP.CPI.TOTL.ZG,ECONOMIC
2020-12-31,0.144877925813982,DE_FP.CPI.TOTL.ZG,DE,FP.CPI.TOTL.ZG,ECONOMIC
2019-12-31,1.44565976888253,DE_FP.CPI.TOTL.ZG,DE,FP.CPI.TOTL.ZG,ECONOMIC
2018-12-31,1.73216879766942,DE_FP.CPI.TOTL.ZG,DE,FP.CPI.TOTL.ZG,ECONOMIC
2017-12-31,1.50949485109628,DE_FP.CPI.TOTL.ZG,DE,FP.CPI.TOTL.ZG,ECONOMIC
2016-12-31,0.491747008445174,DE_FP.CPI.TOTL.ZG,DE,FP.CPI.TOTL.ZG,ECONOMIC
2015-12-31,0.514426137125456,DE_FP.CPI.TOTL.ZG,DE,FP.CPI.TOTL.ZG,ECONOMIC
2024-12-31,2.73853681635241,JP_FP.CPI.TOTL.ZG,JP,FP.CPI.TOTL.ZG,ECONOMIC
2023-12-31,3.26813365933163,JP_FP.CPI.TOTL.ZG,JP,FP.CPI.TOTL.ZG,ECONOMIC
2022-12-31,2.49770278172255,JP_FP.CPI.TOTL.ZG,JP,FP.CPI.TOTL.ZG,ECONOMIC
2021-12-31,-0.233352779398264,JP_FP.CPI.TOTL.ZG,JP,FP.CPI.TOTL.ZG,ECONOMIC
2020-12-31,-0.024995834027731,JP_FP.CPI.TOTL.ZG,JP,FP.CPI.TOTL.ZG,ECONOMIC
2019-12-31,0.46877615938395,JP_FP.CPI.TOTL.ZG,JP,FP.CPI.TOTL.ZG,ECONOMIC
2018-12-31,0.989094598021848,JP_FP.CPI.TOTL.ZG,JP,FP.CPI.TOTL.ZG,ECONOMIC
2017-12-31,0.484199796126385,JP_FP.CPI.TOTL.ZG,JP,FP.CPI.TOTL.ZG,ECONOMIC
2016-12-31,-0.127258844489754,JP_FP.CPI.TOTL.ZG,JP,FP.CPI.TOTL.ZG,ECONOMIC
2015-12-31,0.795279630579839,JP_FP.CPI.TOTL.ZG,JP,FP.CPI.TOTL.ZG,ECONOMIC
2024-12-31,3.2715729463592,GB_FP.CPI.TOTL.ZG,GB,FP.CPI.TOTL.ZG,ECONOMIC
2023-12-31,6.79396706793963,GB_FP.CPI.TOTL.ZG,GB,FP.CPI.TOTL.ZG,ECONOMIC
2022-12-31,7.92204883147902,GB_FP.CPI.TOTL.ZG,GB,FP.CPI.TOTL.ZG,ECONOMIC
2021-12-31,2.51837109614213,GB_FP.CPI.TOTL.ZG,GB,FP.CPI.TOTL.ZG,ECONOMIC
2020-12-31,0.989486703772491,GB_FP.CPI.TOTL.ZG,GB,FP.CPI.TOTL.ZG,ECONOMIC
2019-12-31,1.73810460086513,GB_FP.CPI.TOTL.ZG,GB,FP.CPI.TOTL.ZG,ECONOMIC
2018-12-31,2.29283990345938,GB_FP.CPI.TOTL.ZG,GB,FP.CPI.TOTL.ZG,ECONOMIC
2017-12-31,2.55775577557747,GB_FP.CPI.TOTL.ZG,GB,FP.CPI.TOTL.ZG,ECONOMIC
2016-12-31,1.0084173681141,GB_FP.CPI.TOTL.ZG,GB,FP.CPI.TOTL.ZG,ECONOMIC
2015-12-31,0.36804684232536,GB_FP.CPI.TOTL.ZG,GB,FP.CPI.TOTL.ZG,ECONOMIC
2024-12-31,4.95303550973656,IN_FP.CPI.TOTL.ZG,IN,FP.CPI.TOTL.ZG,ECONOMIC
2023-12-31,5.64914318907925,IN_FP.CPI.TOTL.ZG,IN,FP.CPI.TOTL.ZG,ECONOMIC
2022-12-31,6.69903414079852,IN_FP.CPI.TOTL.ZG,IN,FP.CPI.TOTL.ZG,ECONOMIC
2021-12-31,5.13140747176369,IN_FP.CPI.TOTL.ZG,IN,FP.CPI.TOTL.ZG,ECONOMIC
2020-12-31,6.62343677628535,IN_FP.CPI.TOTL.ZG,IN,FP.CPI.TOTL.ZG,ECONOMIC
2019-12-31,3.72950573539129,IN_FP.CPI.TOTL.ZG,IN,FP.CPI.TOTL.ZG,ECONOMIC
2018-12-31,3.9388264669163,IN_FP.CPI.TOTL.ZG,IN,FP.CPI.TOTL.ZG,ECONOMIC
2017-12-31,3.32817337461298,IN_FP.CPI.TOTL.ZG,IN,FP.CPI.TOTL.ZG,ECONOMIC
2016-12-31,4.94821634062141,IN_FP.CPI.TOTL.ZG,IN,FP.CPI.TOTL.ZG,ECONOMIC
2015-12-31,4.90697344127256,IN_FP.CPI.TOTL.ZG,IN,FP.CPI.TOTL.ZG,ECONOMIC
2024-12-31,4.106,US_SL.UEM.TOTL.ZS,US,SL.UEM.TOTL.ZS,ECONOMIC
2023-12-31,3.638,US_SL.UEM.TOTL.ZS,US,SL.UEM.TOTL.ZS,ECONOMIC
2022-12-31,3.65,US_SL.UEM.TOTL.ZS,US,SL.UEM.TOTL.ZS,ECONOMIC
2021-12-31,5.349,US_SL.UEM.TOTL.ZS,US,SL.UEM.TOTL.ZS,ECONOMIC
2020-12-31,8.055,US_SL.UEM.TOTL.ZS,US,SL.UEM.TOTL.ZS,ECONOMIC
2019-12-31,3.669,US_SL.UEM.TOTL.ZS,US,SL.UEM.TOTL.ZS,ECONOMIC
2018-12-31,3.896,US_SL.UEM.TOTL.ZS,US,SL.UEM.TOTL.ZS,ECONOMIC
2017-12-31,4.355,US_SL.UEM.TOTL.ZS,US,SL.UEM.TOTL.ZS,ECONOMIC
2016-12-31,4.869,US_SL.UEM.TOTL.ZS,US,SL.UEM.TOTL.ZS,ECONOMIC
2015-12-31,5.28,US_SL.UEM.TOTL.ZS,US,SL.UEM.TOTL.ZS,ECONOMIC
2024-12-31,4.571,CN_SL.UEM.TOTL.ZS,CN,SL.UEM.TOTL.ZS,ECONOMIC
2023-12-31,4.67,CN_SL.UEM.TOTL.ZS,CN,SL.UEM.TOTL.ZS,ECONOMIC
2022-12-31,4.98,CN_SL.UEM.TOTL.ZS,CN,SL.UEM.TOTL.ZS,ECONOMIC
2021-12-31,4.55,CN_SL.UEM.TOTL.ZS,CN,SL.UEM.TOTL.ZS,ECONOMIC
2020-12-31,5.0,CN_SL.UEM.TOTL.ZS,CN,SL.UEM.TOTL.ZS,ECONOMIC
2019-12-31,4.56,CN_SL.UEM.TOTL.ZS,CN,SL.UEM.TOTL.ZS,ECONOMIC
2018-12-31,4.31,CN_SL.UEM.TOTL.ZS,CN,SL.UEM.TOTL.ZS,ECONOMIC
2017-12-31,4.47,CN_SL.UEM.TOTL.ZS,CN,SL.UEM.TOTL.ZS,ECONOMIC
2016-12-31,4.56,CN_SL.UEM.TOTL.ZS,CN,SL.UEM.TOTL.ZS,ECONOMIC
2015-12-31,4.65,CN_SL.UEM.TOTL.ZS,CN,SL.UEM.TOTL.ZS,ECONOMIC
2024-12-31,3.406,DE_SL.UEM.TOTL.ZS,DE,SL.UEM.TOTL.ZS,ECONOMIC
2023-12-31,3.068,DE_SL.UEM.TOTL.ZS,DE,SL.UEM.TOTL.ZS,ECONOMIC
2022-12-31,3.12,DE_SL.UEM.TOTL.ZS,DE,SL.UEM.TOTL.ZS,ECONOMIC
2021-12-31,3.594,DE_SL.UEM.TOTL.ZS,DE,SL.UEM.TOTL.ZS,ECONOMIC
2020-12-31,3.881,DE_SL.UEM.TOTL.ZS,DE,SL.UEM.TOTL.ZS,ECONOMIC
2019-12-31,3.163,DE_SL.UEM.TOTL.ZS,DE,SL.UEM.TOTL.ZS,ECONOMIC
2018-12-31,3.384,DE_SL.UEM.TOTL.ZS,DE,SL.UEM.TOTL.ZS,ECONOMIC
2017-12-31,3.781,DE_SL.UEM.TOTL.ZS,DE,SL.UEM.TOTL.ZS,ECONOMIC
2016-12-31,4.104,DE_SL.UEM.TOTL.ZS,DE,SL.UEM.TOTL.ZS,ECONOMIC
2015-12-31,4.612,DE_SL.UEM.TOTL.ZS,DE,SL.UEM.TOTL.ZS,ECONOMIC
2024-12-31,2.563,JP_SL.UEM.TOTL.ZS,JP,SL.UEM.TOTL.ZS,ECONOMIC
2023-12-31,2.6,JP_SL.UEM.TOTL.ZS,JP,SL.UEM.TOTL.ZS,ECONOMIC
2022-12-31,2.6,JP_SL.UEM.TOTL.ZS,JP,SL.UEM.TOTL.ZS,ECONOMIC
2021-12-31,2.828,JP_SL.UEM.TOTL.ZS,JP,SL.UEM.TOTL.ZS,ECONOMIC
2020-12-31,2.809,JP_SL.UEM.TOTL.ZS,JP,SL.UEM.TOTL.ZS,ECONOMIC
2019-12-31,2.351,JP_SL.UEM.TOTL.ZS,JP,SL.UEM.TOTL.ZS,ECONOMIC
2018-12-31,2.467,JP_SL.UEM.TOTL.ZS,JP,SL.UEM.TOTL.ZS,ECONOMIC
2017-12-31,2.822,JP_SL.UEM.TOTL.ZS,JP,SL.UEM.TOTL.ZS,ECONOMIC
2016-12-31,3.132,JP_SL.UEM.TOTL.ZS,JP,SL.UEM.TOTL.ZS,ECONOMIC
2015-12-31,3.385,JP_SL.UEM.TOTL.ZS,JP,SL.UEM.TOTL.ZS,ECONOMIC
2024-12-31,4.111,GB_SL.UEM.TOTL.ZS,GB,SL.UEM.TOTL.ZS,ECONOMIC
2023-12-31,3.984,GB_SL.UEM.TOTL.ZS,GB,SL.UEM.TOTL.ZS,ECONOMIC
2022-12-31,3.73,GB_SL.UEM.TOTL.ZS,GB,SL.UEM.TOTL.ZS,ECONOMIC
2021-12-31,4.826,GB_SL.UEM.TOTL.ZS,GB,SL.UEM.TOTL.ZS,ECONOMIC
2020-12-31,4.472,GB_SL.UEM.TOTL.ZS,GB,SL.UEM.TOTL.ZS,ECONOMIC
2019-12-31,3.613,GB_SL.UEM.TOTL.ZS,GB,SL.UEM.TOTL.ZS,ECONOMIC
2018-12-31,4.12,GB_SL.UEM.TOTL.ZS,GB,SL.UEM.TOTL.ZS,ECONOMIC
2017-12-31,4.452,GB_SL.UEM.TOTL.ZS,GB,SL.UEM.TOTL.ZS,ECONOMIC
2016-12-31,4.867,GB_SL.UEM.TOTL.ZS,GB,SL.UEM.TOTL.ZS,ECONOMIC
2015-12-31,5.517,GB_SL.UEM.TOTL.ZS,GB,SL.UEM.TOTL.ZS,ECONOMIC
2024-12-31,4.202,IN_SL.UEM.TOTL.ZS,IN,SL.UEM.TOTL.ZS,ECONOMIC
2023-12-31,4.172,IN_SL.UEM.TOTL.ZS,IN,SL.UEM.TOTL.ZS,ECONOMIC
2022-12-31,4.822,IN_SL.UEM.TOTL.ZS,IN,SL.UEM.TOTL.ZS,ECONOMIC
2021-12-31,6.38,IN_SL.UEM.TOTL.ZS,IN,SL.UEM.TOTL.ZS,ECONOMIC
2020-12-31,7.859,IN_SL.UEM.TOTL.ZS,IN,SL.UEM.TOTL.ZS,ECONOMIC
2019-12-31,6.51,IN_SL.UEM.TOTL.ZS,IN,SL.UEM.TOTL.ZS,ECONOMIC
2018-12-31,7.652,IN_SL.UEM.TOTL.ZS,IN,SL.UEM.TOTL.ZS,ECONOMIC
2017-12-31,7.618,IN_SL.UEM.TOTL.ZS,IN,SL.UEM.TOTL.ZS,ECONOMIC
2016-12-31,7.601,IN_SL.UEM.TOTL.ZS,IN,SL.UEM.TOTL.ZS,ECONOMIC
2015-12-31,7.631,IN_SL.UEM.TOTL.ZS,IN,SL.UEM.TOTL.ZS,ECONOMIC
2024-12-31,24.8879916970734,US_NE.TRD.GNFS.ZS,US,NE.TRD.GNFS.ZS,ECONOMIC
2023-12-31,24.8993631439946,US_NE.TRD.GNFS.ZS,US,NE.TRD.GNFS.ZS,ECONOMIC
2022-12-31,26.891689830077,US_NE.TRD.GNFS.ZS,US,NE.TRD.GNFS.ZS,ECONOMIC
2021-12-31,25.2136560307765,US_NE.TRD.GNFS.ZS,US,NE.TRD.GNFS.ZS,ECONOMIC
2020-12-31,23.0797778694073,US_NE.TRD.GNFS.ZS,US,NE.TRD.GNFS.ZS,ECONOMIC
2019-12-31,26.2584806245428,US_NE.TRD.GNFS.ZS,US,NE.TRD.GNFS.ZS,ECONOMIC
2018-12-31,27.4453591302618,US_NE.TRD.GNFS.ZS,US,NE.TRD.GNFS.ZS,ECONOMIC
2017-12-31,27.1253382222874,US_NE.TRD.GNFS.ZS,US,NE.TRD.GNFS.ZS,ECONOMIC
2016-12-31,26.4525977865465,US_NE.TRD.GNFS.ZS,US,NE.TRD.GNFS.ZS,ECONOMIC
2015-12-31,27.6882139340768,US_NE.TRD.GNFS.ZS,US,NE.TRD.GNFS.ZS,ECONOMIC
2024-12-31,37.1984201388623,CN_NE.TRD.GNFS.ZS,CN,NE.TRD.GNFS.ZS,ECONOMIC
2023-12-31,36.1051923690574,CN_NE.TRD.GNFS.ZS,CN,NE.TRD.GNFS.ZS,ECONOMIC
2022-12-31,37.4407198763585,CN_NE.TRD.GNFS.ZS,CN,NE.TRD.GNFS.ZS,ECONOMIC
2021-12-31,36.5206911762564,CN_NE.TRD.GNFS.ZS,CN,NE.TRD.GNFS.ZS,ECONOMIC
2020-12-31,34.0389507864018,CN_NE.TRD.GNFS.ZS,CN,NE.TRD.GNFS.ZS,ECONOMIC
2019-12-31,35.1994202739021,CN_NE.TRD.GNFS.ZS,CN,NE.TRD.GNFS.ZS,ECONOMIC
2018-12-31,36.8943843914148,CN_NE.TRD.GNFS.ZS,CN,NE.TRD.GNFS.ZS,ECONOMIC
2017-12-31,36.9508526159275,CN_NE.TRD.GNFS.ZS,CN,NE.TRD.GNFS.ZS,ECONOMIC
2016-12-31,36.1771706929069,CN_NE.TRD.GNFS.ZS,CN,NE.TRD.GNFS.ZS,ECONOMIC
2015-12-31,38.6971848362233,CN_NE.TRD.GNFS.ZS,CN,NE.TRD.GNFS.ZS,ECONOMIC
2024-12-31,80.3446714019595,DE_NE.TRD.GNFS.ZS,DE,NE.TRD.GNFS.ZS,ECONOMIC
2023-12-31,82.7991064495705,DE_NE.TRD.GNFS.ZS,DE,NE.TRD.GNFS.ZS,ECONOMIC
2022-12-31,89.0641273695259,DE_NE.TRD.GNFS.ZS,DE,NE.TRD.GNFS.ZS,ECONOMIC
2021-12-31,80.15661805106,DE_NE.TRD.GNFS.ZS,DE,NE.TRD.GNFS.ZS,ECONOMIC
2020-12-31,72.9932572283324,DE_NE.TRD.GNFS.ZS,DE,NE.TRD.GNFS.ZS,ECONOMIC
2019-12-31,79.1337471144706,DE_NE.TRD.GNFS.ZS,DE,NE.TRD.GNFS.ZS,ECONOMIC
2018-12-31,79.227659692288,DE_NE.TRD.GNFS.ZS,DE,NE.TRD.GNFS.ZS,ECONOMIC
2017-12-31,77.5666369468435,DE_NE.TRD.GNFS.ZS,DE,NE.TRD.GNFS.ZS,ECONOMIC
2016-12-31,75.9845875141969,DE_NE.TRD.GNFS.ZS,DE,NE.TRD.GNFS.ZS,ECONOMIC
2015-12-31,77.791356764377,DE_NE.TRD.GNFS.ZS,DE,NE.TRD.GNFS.ZS,ECONOMIC
2023-12-31,45.1508795641248,JP_NE.TRD.GNFS.ZS,JP,NE.TRD.GNFS.ZS,ECONOMIC
2022-12-31,46.8129868368938,JP_NE.TRD.GNFS.ZS,JP,NE.TRD.GNFS.ZS,ECONOMIC
2021-12-31,36.7384462280698,JP_NE.TRD.GNFS.ZS,JP,NE.TRD.GNFS.ZS,ECONOMIC
2020-12-31,31.335208636773,JP_NE.TRD.GNFS.ZS,JP,NE.TRD.GNFS.ZS,ECONOMIC
2019-12-31,35.2164181084145,JP_NE.TRD.GNFS.ZS,JP,NE.TRD.GNFS.ZS,ECONOMIC
2018-12-31,36.609931802107,JP_NE.TRD.GNFS.ZS,JP,NE.TRD.GNFS.ZS,ECONOMIC
2017-12-31,34.4232135721686,JP_NE.TRD.GNFS.ZS,JP,NE.TRD.GNFS.ZS,ECONOMIC
2016-12-31,31.3102468455884,JP_NE.TRD.GNFS.ZS,JP,NE.TRD.GNFS.ZS,ECONOMIC
2015-12-31,35.4274083544798,JP_NE.TRD.GNFS.ZS,JP,NE.TRD.GNFS.ZS,ECONOMIC
2024-12-31,62.4075013968837,GB_NE.TRD.GNFS.ZS,GB,NE.TRD.GNFS.ZS,ECONOMIC
2023-12-31,65.0323382579942,GB_NE.TRD.GNFS.ZS,GB,NE.TRD.GNFS.ZS,ECONOMIC
2022-12-31,68.8805301397863,GB_NE.TRD.GNFS.ZS,GB,NE.TRD.GNFS.ZS,ECONOMIC
2021-12-31,58.5845366237858,GB_NE.TRD.GNFS.ZS,GB,NE.TRD.GNFS.ZS,ECONOMIC
2020-12-31,58.7811375973028,GB_NE.TRD.GNFS.ZS,GB,NE.TRD.GNFS.ZS,ECONOMIC
2019-12-31,64.6651336372235,GB_NE.TRD.GNFS.ZS,GB,NE.TRD.GNFS.ZS,ECONOMIC
2018-12-31,64.542648250433,GB_NE.TRD.GNFS.ZS,GB,NE.TRD.GNFS.ZS,ECONOMIC
2017-12-31,63.1216500310687,GB_NE.TRD.GNFS.ZS,GB,NE.TRD.GNFS.ZS,ECONOMIC
2016-12-31,59.7003984143761,GB_NE.TRD.GNFS.ZS,GB,NE.TRD.GNFS.ZS,ECONOMIC
2015-12-31,57.2035496863734,GB_NE.TRD.GNFS.ZS,GB,NE.TRD.GNFS.ZS,ECONOMIC
2024-12-31,44.6710926352422,IN_NE.TRD.GNFS.ZS,IN,NE.TRD.GNFS.ZS,ECONOMIC
2023-12-31,44.9928422877561,IN_NE.TRD.GNFS.ZS,IN,NE.TRD.GNFS.ZS,ECONOMIC
2022-12-31,50.0752701498882,IN_NE.TRD.GNFS.ZS,IN,NE.TRD.GNFS.ZS,ECONOMIC
2021-12-31,45.4230887840446,IN_NE.TRD.GNFS.ZS,IN,NE.TRD.GNFS.ZS,ECONOMIC
2020-12-31,37.7581053292768,IN_NE.TRD.GNFS.ZS,IN,NE.TRD.GNFS.ZS,ECONOMIC
2019-12-31,39.9054035306442,IN_NE.TRD.GNFS.ZS,IN,NE.TRD.GNFS.ZS,ECONOMIC
2018-12-31,43.6169693323889,IN_NE.TRD.GNFS.ZS,IN,NE.TRD.GNFS.ZS,ECONOMIC
2017-12-31,40.7424969545225,IN_NE.TRD.GNFS.ZS,IN,NE.TRD.GNFS.ZS,ECONOMIC
2016-12-31,40.082485713276,IN_NE.TRD.GNFS.ZS,IN,NE.TRD.GNFS.ZS,ECONOMIC
2015-12-31,41.9229138658647,IN_NE.TRD.GNFS.ZS,IN,NE.TRD.GNFS.ZS,ECONOMIC
